"","data","cond"
"1",14.0815375920124,"Cat.Rel"
"2",15.6376308640496,"Car.Unrel"
"3",16.0760273641588,"Prop.Rel"
"4",14.9177323721682,"Prop.Ass"
"5",20.3216109494789,"Prop.Unrel"
"6",13.7963953011061,"SR.Rel"
"7",15.0746297090497,"SR.Unrel"
