"","data","cond"
"1",11.7631583515965,"Cat.Rel"
"2",11.4431299189825,"Car.Unrel"
"3",12.6847567859997,"Prop.Rel"
"4",12.2454601916205,"Prop.Ass"
"5",13.0997160399559,"Prop.Unrel"
"6",11.6173987471415,"SR.Rel"
"7",11.1725334111562,"SR.Unrel"
